sequence,label,length,affinity
AWLLNILTI,1,9,0.93792308632188
SIVAYTMSL,1,9,0.725976015071464
GIFSNPHPV,1,9,0.694046521986059
SAAFEDLRL,0,9,0.0
LTAPCDIYV,0,9,0.0846866458617175
AFHQLVQVI,0,9,0.0846866458617175
